Model,RMSE,MAE,MAPE (%)
Prophet,2.103568186334347,1.3905361665612324,5.816561816189527
LSTM,0.020317437837675534,0.0147648083696391,6.0497395853484885
Hybrid,2.133145861545776,1.410688032189967,5.841628463024853
